-- =============================================
-- Seed Data for Construction Management System
-- =============================================

-- Default admin user (password: Admin123!)
-- bcrypt hash of 'Admin123!'
INSERT INTO users (full_name, email, password_hash, role, phone) VALUES
('مدير النظام', 'admin@construction.sa', '$2a$10$5uK41/flclyDHWNFOSTse./fZ83C/y2KGKBjrFM.5JUlQxUxs55PK', 'admin', '0500000000'),
('أحمد الشمري', 'ahmed@construction.sa', '$2a$10$5uK41/flclyDHWNFOSTse./fZ83C/y2KGKBjrFM.5JUlQxUxs55PK', 'manager', '0501234567'),
('فاطمة الراشد', 'fatima@construction.sa', '$2a$10$5uK41/flclyDHWNFOSTse./fZ83C/y2KGKBjrFM.5JUlQxUxs55PK', 'viewer', '0507777777')
ON CONFLICT (email) DO NOTHING;

-- Warehouses
INSERT INTO warehouses (name, location, capacity, manager_name, phone) VALUES
('مستودع الرياض الرئيسي', 'الرياض - المنطقة الصناعية', '5000 م²', 'سعد المالكي', '0111234567'),
('مستودع جدة', 'جدة - ميناء البحر الأحمر', '3000 م²', 'عمر الحسيني', '0121234567'),
('ساحة المعدات', 'الرياض - طريق الملك فهد', '10000 م²', 'ماجد السبيعي', '0112345678')
ON CONFLICT DO NOTHING;

-- Projects
INSERT INTO projects (name, client, location, start_date, end_date, budget, spent, progress, status, manager_name) VALUES
('برج سكني الرياض', 'شركة الأفق العقارية', 'الرياض', '2024-01-15', '2025-06-30', 12500000, 7800000, 62, 'نشط', 'أحمد الشمري'),
('مجمع تجاري جدة', 'مجموعة البحر الأحمر', 'جدة', '2024-03-01', '2025-09-15', 8900000, 2100000, 23, 'نشط', 'محمد القحطاني'),
('فيلا فاخرة الدمام', 'السيد خالد العتيبي', 'الدمام', '2023-11-01', '2024-12-31', 3200000, 3100000, 97, 'يكاد يكتمل', 'عبدالله الزهراني'),
('طريق صناعي المدينة', 'أمانة المدينة المنورة', 'المدينة المنورة', '2024-06-01', '2025-12-01', 22000000, 1500000, 7, 'نشط', 'فيصل الغامدي'),
('مستودع لوجستي الخبر', 'شركة الخليج للتوزيع', 'الخبر', '2024-02-10', '2024-10-30', 4500000, 4500000, 100, 'مكتمل', 'أحمد الشمري')
ON CONFLICT DO NOTHING;

-- Inventory Items
INSERT INTO inventory_items (name, category, unit, quantity, min_stock, warehouse_id, warehouse_name, unit_price, last_updated) VALUES
('أسمنت بورتلاندي', 'مواد', 'كيس', 1250, 500, 1, 'مستودع الرياض الرئيسي', 18, '2024-11-15'),
('حديد تسليح 16mm', 'مواد', 'طن', 45, 20, 1, 'مستودع الرياض الرئيسي', 3200, '2024-11-14'),
('رمل ناعم', 'مواد', 'م³', 380, 100, 2, 'مستودع جدة', 85, '2024-11-13'),
('طابوق بناء', 'مواد', 'قطعة', 28000, 5000, 1, 'مستودع الرياض الرئيسي', 0.8, '2024-11-12'),
('بويا خارجية بيضاء', 'مواد', 'دلو', 85, 50, 2, 'مستودع جدة', 95, '2024-11-11'),
('شفرة بوجي 20 طن', 'معدات', 'قطعة', 2, 1, 3, 'ساحة المعدات', 85000, '2024-11-10'),
('مولد كهرباء 50kW', 'معدات', 'وحدة', 3, 2, 3, 'ساحة المعدات', 42000, '2024-11-09'),
('قفازات عمل', 'أدوات', 'زوج', 120, 200, 1, 'مستودع الرياض الرئيسي', 12, '2024-11-15'),
('خوذة سلامة', 'أدوات', 'قطعة', 65, 100, 1, 'مستودع الرياض الرئيسي', 35, '2024-11-10')
ON CONFLICT DO NOTHING;

-- Suppliers
INSERT INTO suppliers (name, contact_person, phone, email, category, rating, total_orders, total_value) VALUES
('شركة الخليج للمواد البنائية', 'عبدالرحمن السعدون', '0112345678', 'info@gulf-materials.sa', 'مواد بناء', 4.5, 28, 1250000),
('مؤسسة الحديد الذهبي', 'فهد الحربي', '0123456789', 'sales@golden-steel.sa', 'حديد وصلب', 4.8, 15, 890000),
('شركة الرمال والبحص', 'ناصر المطيري', '0134567890', 'orders@sand-co.sa', 'رمل وحصى', 4.2, 42, 320000),
('مؤسسة الأدوات الصناعية', 'سعد العجمي', '0145678901', 'info@tools-est.sa', 'أدوات ومعدات', 3.9, 18, 450000)
ON CONFLICT DO NOTHING;

-- Purchase Orders
INSERT INTO purchase_orders (order_number, supplier_id, supplier_name, order_date, total, items_count, status) VALUES
('PO-2024-001', 1, 'شركة الخليج للمواد البنائية', '2024-11-10', 45000, 3, 'تم التسليم'),
('PO-2024-002', 2, 'مؤسسة الحديد الذهبي', '2024-11-12', 128000, 1, 'معتمد'),
('PO-2024-003', 3, 'شركة الرمال والبحص', '2024-11-14', 12500, 2, 'قيد الانتظار'),
('PO-2024-004', 4, 'مؤسسة الأدوات الصناعية', '2024-11-15', 8900, 5, 'قيد الانتظار')
ON CONFLICT (order_number) DO NOTHING;

-- Employees
INSERT INTO employees (name, role, department, salary, salary_type, phone, project_id, project_name, start_date, status) VALUES
('أحمد محمد الشمري', 'مدير مشروع', 'المشاريع', 18000, 'شهري', '0501234567', 1, 'برج سكني الرياض', '2022-03-01', 'نشط'),
('محمد علي القحطاني', 'مدير مشروع', 'المشاريع', 16500, 'شهري', '0509876543', 2, 'مجمع تجاري جدة', '2021-07-15', 'نشط'),
('عبدالله سالم الزهراني', 'مهندس موقع', 'الهندسة', 12000, 'شهري', '0507654321', 3, 'فيلا فاخرة الدمام', '2023-01-10', 'نشط'),
('خالد ناصر العتيبي', 'مشرف بناء', 'التشييد', 8500, 'شهري', '0503456789', 1, 'برج سكني الرياض', '2022-05-20', 'نشط'),
('فيصل أحمد الغامدي', 'مدير مشروع', 'المشاريع', 17000, 'شهري', '0502345678', 4, 'طريق صناعي المدينة', '2020-09-01', 'نشط'),
('سلطان محمد الدوسري', 'عامل بناء', 'التشييد', 220, 'يومي', '0506789012', 1, 'برج سكني الرياض', '2024-02-01', 'نشط'),
('حسن علي التميمي', 'كهربائي', 'الكهرباء', 9000, 'شهري', '0508901234', 2, 'مجمع تجاري جدة', '2023-06-15', 'إجازة')
ON CONFLICT DO NOTHING;

-- Equipment
INSERT INTO equipment (name, type, model, year, status, project_id, project_name, hours_used, last_maintenance, next_maintenance, daily_cost) VALUES
('حفارة كوماتسو PC350', 'حفارة', 'PC350-8', 2020, 'يعمل', 4, 'طريق صناعي المدينة', 1240, '2024-10-01', '2024-12-01', 2500),
('رافعة تاور 80 طن', 'رافعة', 'Liebherr 200EC', 2019, 'يعمل', 1, 'برج سكني الرياض', 2850, '2024-09-15', '2024-12-15', 3800),
('خلاطة خرسانة متنقلة', 'خلاطة', 'Schwing Stetter AM8', 2022, 'صيانة', NULL, '–', 680, '2024-11-10', '2025-02-10', 1200),
('شاحنة قلابة 20 طن', 'شاحنة', 'Mercedes Arocs 3348', 2021, 'يعمل', 2, 'مجمع تجاري جدة', 3200, '2024-10-20', '2024-12-20', 1800),
('رافعة شوكية 5 طن', 'رافعة شوكية', 'Toyota 8FG50', 2023, 'يعمل', 5, 'مستودع لوجستي الخبر', 420, '2024-11-01', '2025-01-01', 800)
ON CONFLICT DO NOTHING;

-- Financial Monthly Data
INSERT INTO financial_monthly (year, month, month_name, revenue, expenses) VALUES
(2024, 1, 'يناير', 1800000, 1200000),
(2024, 2, 'فبراير', 2100000, 1450000),
(2024, 3, 'مارس', 2400000, 1600000),
(2024, 4, 'أبريل', 2200000, 1550000),
(2024, 5, 'مايو', 2800000, 1900000),
(2024, 6, 'يونيو', 3100000, 2100000),
(2024, 7, 'يوليو', 2900000, 1950000),
(2024, 8, 'أغسطس', 3400000, 2300000),
(2024, 9, 'سبتمبر', 3200000, 2150000),
(2024, 10, 'أكتوبر', 2600000, 1750000),
(2024, 11, 'نوفمبر', 2000000, 1350000),
(2024, 12, 'ديسمبر', 0, 0)
ON CONFLICT (year, month) DO NOTHING;

-- Invoices
INSERT INTO invoices (invoice_number, client, project_id, project_name, amount, due_date, status) VALUES
('INV-2024-045', 'شركة الأفق العقارية', 1, 'برج سكني الرياض', 850000, '2024-11-30', 'مستحقة'),
('INV-2024-044', 'مجموعة البحر الأحمر', 2, 'مجمع تجاري جدة', 320000, '2024-12-15', 'مسودة'),
('INV-2024-043', 'أمانة المدينة المنورة', 4, 'طريق صناعي المدينة', 500000, '2024-11-20', 'متأخرة'),
('INV-2024-042', 'شركة الخليج للتوزيع', 5, 'مستودع لوجستي الخبر', 2130000, '2024-10-31', 'مدفوعة')
ON CONFLICT (invoice_number) DO NOTHING;

-- Notifications (uses first admin user)
INSERT INTO notifications (user_id, type, title, message, is_read) VALUES
((SELECT id FROM users WHERE email='admin@construction.sa'), 'warning', 'مخزون منخفض', 'قفازات العمل أقل من الحد الأدنى (120 / 200)', false),
((SELECT id FROM users WHERE email='admin@construction.sa'), 'warning', 'مخزون منخفض', 'خوذة السلامة أقل من الحد الأدنى (65 / 100)', false),
((SELECT id FROM users WHERE email='admin@construction.sa'), 'info', 'صيانة معدة', 'خلاطة الخرسانة في مرحلة الصيانة', false),
((SELECT id FROM users WHERE email='admin@construction.sa'), 'success', 'طلب شراء معتمد', 'تم اعتماد PO-2024-002 بقيمة 128,000 ريال', true),
((SELECT id FROM users WHERE email='admin@construction.sa'), 'error', 'فاتورة متأخرة', 'الفاتورة INV-2024-043 متأخرة بقيمة 500,000 ريال', true);

-- Activity Log
INSERT INTO activity_log (user_name, action, entity_type, icon) VALUES
('أحمد الشمري', 'أضاف 500 كيس أسمنت للمخزون', 'inventory', 'package'),
('محمد القحطاني', 'حدّث تقدم مشروع مجمع تجاري جدة إلى 23%', 'project', 'briefcase'),
('فاطمة الراشد', 'أصدرت فاتورة INV-2024-044', 'invoice', 'file-text'),
('عبدالله الزهراني', 'أضاف سجل حضور لـ 15 عاملاً', 'attendance', 'users'),
('خالد العتيبي', 'جدول صيانة لحفارة كوماتسو PC350', 'maintenance', 'tool');
